Name,Age,Team,Games,Rebounds,Assists,Steals,Blocks,Turnovers,Points,Salary
A.J. Price,28,TOT,26,32,46,7,0,14,133,62552
Aaron Brooks,30,CHI,82,166,261,54,15,157,954,1145685
Aaron Gordon,19,ORL,47,169,33,21,22,38,243,3992040
Adreian Payne,23,TOT,32,162,30,19,9,44,213,1855320
Al Horford,28,ATL,76,544,244,68,98,100,1156,12000000
Al Jefferson,30,CHO,65,548,113,47,84,68,1082,13666667
Al-Farouq Aminu,24,DAL,74,342,59,70,62,55,412,1100602
Alan Anderson,32,BRK,74,204,83,56,5,60,545,1276061
Alec Burks,23,UTA,27,114,82,17,5,52,374,3034356
Alex Kirk,23,CLE,5,1,1,0,0,0,4,507336
Alex Len,21,PHO,69,454,32,34,105,74,432,3649920
Alexey Shved,26,TOT,42,99,106,30,6,48,434,3282056
Alexis Ajinca,26,NOP,68,315,47,21,51,69,443,981084
Allen Crabbe,22,POR,51,73,39,19,15,15,168,862000
Alonzo Gee,27,TOT,54,94,25,35,7,33,241,1063384
Amar'e Stoudemire,32,TOT,59,329,45,29,38,78,680,23410988
Amir Johnson,27,TOR,75,456,117,44,59,110,694,7000000
Anderson Varejao,32,CLE,26,170,35,19,16,35,255,9704595
Andre Dawkins,23,MIA,4,2,1,0,0,1,3,29843
Andre Drummond,21,DET,82,1104,55,73,153,120,1130,2568360
Andre Iguodala,31,GSW,77,257,228,89,25,88,604,12289544
Andre Miller,38,TOT,81,153,284,32,6,104,355,4625000
Andre Roberson,23,OKC,67,255,70,53,29,46,228,1160880
Andrea Bargnani,29,NYK,29,127,46,2,27,42,430,11500000
Andrei Kirilenko,33,BRK,7,8,1,1,0,1,3,3326235
Andrew Bogut,30,GSW,67,543,180,39,113,106,422,12972973
Andrew Nicholson,25,ORL,40,82,22,6,12,24,194,1545840
Andrew Wiggins,19,MIN,82,374,170,86,50,177,1387,5510640
Anthony Bennett,21,MIN,57,216,48,27,16,36,298,5563920
Anthony Davis,21,NOP,68,696,149,100,200,95,1656,5607240
Anthony Morrow,29,OKC,74,195,60,54,11,38,790,3200000
Anthony Tolliver,29,TOT,76,236,59,24,16,51,482,3000000
Archie Goodwin,20,PHO,41,74,44,18,9,48,231,1112280
Arinze Onuaku,27,MIN,6,21,4,1,3,2,27,43226
Aron Baynes,28,SAS,70,318,35,16,22,65,461,2077000
Arron Afflalo,29,TOT,78,247,129,41,7,116,1035,7750000
Austin Daye,26,TOT,34,75,17,12,5,23,129,1063384
Austin Rivers,22,TOT,76,152,155,48,14,65,530,2439840
Avery Bradley,24,BOS,77,241,135,82,15,109,1071,7191011
Ben Gordon,31,ORL,56,63,50,14,1,55,349,4500000
Ben McLemore,21,SAC,82,241,140,77,19,138,996,3026280
Beno Udrih,32,MEM,79,143,220,46,8,89,605,2077000
Bernard James,29,DAL,16,39,4,2,15,6,44,915243
Bismack Biyombo,22,CHO,64,407,16,18,99,52,304,3873398
Blake Griffin,25,LAC,67,508,354,63,35,152,1469,17674613
Bojan Bogdanovic,25,BRK,78,213,68,34,9,78,700,3278000
Boris Diaw,32,SAS,81,348,233,36,23,126,708,8000000
Bradley Beal,21,WAS,63,241,194,76,18,123,962,4505280
Brandan Wright,27,TOT,75,321,41,50,94,34,544,5000000
Brandon Bass,29,BOS,82,398,104,41,32,83,866,6900000
Brandon Davies,23,TOT,27,83,30,18,7,29,142,816482
Brandon Jennings,25,DET,41,104,272,44,4,90,632,8000000
Brandon Knight,23,TOT,63,244,330,90,10,189,1070,3553917
Brandon Rush,29,GSW,33,41,12,5,12,11,30,1145685
Brendan Haywood,35,CLE,22,29,2,2,10,10,35,2213688
Brian Roberts,29,CHO,72,109,162,33,6,57,480,2732000
Brook Lopez,26,BRK,72,535,50,43,126,104,1236,15719063
Bruno Caboclo,19,TOR,8,2,0,0,1,4,10,1458360
Bryce Cotton,22,UTA,15,18,15,4,0,12,80,92514
C.J. McCollum,23,POR,62,91,64,43,8,48,424,2421000
C.J. Miles,27,IND,70,214,75,60,26,73,942,4205000
C.J. Watson,30,IND,57,163,208,57,9,100,570,2106720
C.J. Wilcox,24,LAC,21,7,8,3,1,10,41,1109760
Cameron Bairstow,24,CHI,18,8,1,2,1,3,10,507336
Carl Landry,31,SAC,70,268,26,15,17,54,503,6500000
Carlos Boozer,33,LAL,71,482,95,41,12,92,836,13550000
Carmelo Anthony,30,NYK,40,264,122,40,17,89,966,22458401
Caron Butler,34,DET,78,196,79,43,4,49,460,4500000
Cartier Martin,30,DET,23,20,11,3,1,5,36,1145686
Chandler Parsons,26,DAL,66,323,161,69,19,96,1037,14700000
Channing Frye,31,ORL,75,293,94,47,39,78,549,8579088
Charlie Villanueva,30,DAL,64,149,19,15,22,28,403,1316809
Chase Budinger,26,MIN,67,198,64,44,10,49,457,5000000
Chris Andersen,36,MIA,60,299,43,26,61,40,320,5375000
Chris Bosh,30,MIA,44,310,95,41,25,95,928,20644400
Chris Copeland,30,IND,50,111,51,11,11,59,309,3135000
Chris Douglas-Roberts,28,LAC,12,12,4,1,0,0,19,948163
Chris Johnson,24,TOT,29,55,15,26,7,15,166,948163
Chris Kaman,32,POR,74,484,65,18,54,108,638,4800000
Chris Paul,29,LAC,82,376,838,156,15,190,1564,20068563
Chuck Hayes,31,TOR,29,51,20,10,4,8,50,5958750
Cleanthony Early,23,NYK,39,97,36,24,12,40,210,507336
Clint Capela,20,HOU,12,36,2,1,9,5,32,1189200
Cody Zeller,22,CHO,62,362,100,34,49,62,472,4030560
Cole Aldrich,26,NYK,61,338,75,37,65,59,338,981084
Corey Brewer,28,TOT,80,297,173,114,19,131,917,4702500
Cory Jefferson,24,BRK,50,145,16,10,21,20,183,507336
Cory Joseph,23,SAS,79,192,188,46,17,67,535,2023261
Courtney Lee,29,MEM,77,178,151,75,12,78,777,5450000
D.J. Augustin,27,TOT,82,161,353,49,3,145,777,3000000
Dahntay Jones,34,LAC,33,11,2,3,0,1,21,613478
Damian Lillard,24,POR,82,378,507,97,21,222,1720,3340920
Damjan Rudez,28,IND,68,47,53,16,5,47,323,1100000
Danilo Gallinari,26,DEN,59,218,83,47,20,57,734,10854850
Danny Granger,31,MIA,30,80,17,13,6,24,188,2077000
Danny Green,27,SAS,81,343,158,101,87,93,946,4025000
Dante Cunningham,27,NOP,66,256,50,46,37,35,340,831942
Dante Exum,19,UTA,82,131,198,41,14,118,393,3615000
Darius Miller,24,NOP,5,1,2,1,0,1,2,400000
Darius Morris,24,BRK,38,27,48,9,0,21,83,702756
Darrell Arthur,26,DEN,58,171,57,48,26,47,382,3457149
Darren Collison,27,SAC,45,143,252,67,14,112,725,4797664
David Lee,31,GSW,49,257,85,31,26,49,388,15012000
David Stockton,23,SAC,3,2,9,2,0,4,8,29843
David Wear,24,SAC,2,2,1,0,0,0,0,29843
David West,34,IND,66,449,223,48,48,120,769,12000000
DeAndre Jordan,26,LAC,82,1226,61,81,183,109,946,11440124
DeJuan Blair,25,WAS,29,56,3,7,1,13,56,2000000
DeMar DeRozan,25,TOR,60,277,210,73,11,137,1204,10100000
DeMarcus Cousins,24,SAC,59,747,210,90,103,254,1421,14746000
DeMarre Carroll,28,ATL,70,372,118,94,17,75,883,2442455
Dennis Schroder,21,ATL,77,164,317,49,4,150,768,1690680
Deron Williams,30,BRK,68,237,448,64,17,154,884,19754465
Derrick Favors,23,UTA,74,607,112,60,123,121,1187,12950000
Derrick Rose,26,CHI,51,161,251,36,16,161,904,18862876
Derrick Williams,23,SAC,74,202,50,34,4,56,617,6331404
Devin Harris,31,DAL,76,135,237,78,14,85,665,3878896
Devyn Marble,22,ORL,16,31,17,9,2,9,37,884879
Dewayne Dedmon,25,ORL,59,295,9,16,50,51,216,816482
Dion Waiters,23,TOT,80,192,163,90,21,113,940,4062000
Dirk Nowitzki,36,DAL,77,457,143,39,33,82,1333,7974482
Donald Sloan,27,IND,53,143,190,23,0,65,391,948163
Donatas Motiejunas,24,HOU,71,421,130,56,34,123,855,1483920
Dorell Wright,29,POR,48,111,41,20,11,18,219,3150000
Doug McDermott,23,CHI,36,43,6,4,1,17,109,2277960
Draymond Green,24,GSW,79,647,291,123,99,133,921,915243
Drew Gooden,33,WAS,51,223,49,21,9,28,277,6680000
Drew Gordon,24,PHI,9,18,2,1,0,8,17,507336
Dwight Buycks,25,LAL,6,12,14,3,0,12,52,62437
Dwight Howard,29,HOU,41,431,50,28,53,115,646,21436271
Dwight Powell,23,TOT,29,50,9,9,6,11,90,507336
Dwyane Wade,33,MIA,62,219,299,73,21,209,1331,15000000
E'Twaun Moore,25,CHI,56,46,33,20,6,14,149,948163
Earl Barron,33,PHO,16,28,5,4,2,5,32,262057
Earl Clark,27,BRK,10,23,3,3,4,6,27,62552
Ed Davis,25,LAL,79,600,94,49,98,58,656,981084
Ekpe Udoh,27,LAC,33,26,8,8,7,7,29,981084
Elfrid Payton,20,ORL,82,349,533,142,20,203,731,2397840
Elijah Millsap,27,UTA,47,150,58,56,16,67,248,241731
Elliot Williams,25,TOT,13,8,12,4,0,4,37,57711
Elton Brand,35,ATL,36,100,22,17,25,18,96,2000000
Enes Kanter,22,TOT,75,671,55,36,29,145,1163,5694674
Eric Bledsoe,25,PHO,81,423,493,127,45,274,1377,13000000
Eric Gordon,26,NOP,61,159,229,50,14,122,818,14898938
Eric Moreland,23,SAC,3,1,0,0,0,0,2,507336
Erick Green,23,DEN,43,31,39,12,0,14,146,507336
Ersan Ilyasova,27,MIL,58,277,56,36,19,45,669,7900000
Evan Fournier,22,ORL,58,153,120,40,2,82,698,1483920
Evan Turner,26,BOS,82,417,449,83,19,198,779,3278000
Festus Ezeli,25,GSW,46,155,9,7,42,32,201,1112880
Francisco Garcia,33,HOU,14,17,15,9,5,10,45,1316809
Furkan Aldemir,23,PHI,41,176,28,17,16,17,93,3116159
Gal Mekel,26,NOP,4,1,13,2,0,2,6,816482
Garrett Temple,28,WAS,52,90,56,42,9,34,204,981084
Gary Harris,20,DEN,55,64,29,39,7,38,188,1519200
Gary Neal,30,TOT,54,129,100,23,1,65,543,3250000
George Hill,28,IND,43,179,220,44,14,69,692,8000000
Gerald Green,29,PHO,74,186,91,42,12,104,884,3500000
Gerald Henderson,27,CHO,80,273,206,51,22,110,969,6000000
Gerald Wallace,32,BOS,32,57,11,15,4,18,35,10105855
Giannis Antetokounmpo,20,MIL,81,542,207,73,85,173,1030,1873200
Glen Davis,29,LAC,74,169,39,41,21,39,294,6600000
Glen Rice,24,WAS,5,4,2,0,0,2,11,816482
Glenn Robinson III,21,TOT,35,39,11,6,1,11,73,507336
Goran Dragic,28,TOT,78,274,350,78,15,173,1275,7500000
Gordon Hayward,24,UTA,76,373,313,108,30,206,1463,14746000
Gorgui Dieng,25,MIN,73,609,146,71,126,126,710,1413480
Grant Jerrett,21,TOT,8,9,3,2,2,3,16,816481
Greg Monroe,24,DET,69,704,142,78,34,149,1098,5479934
Greg Smith,24,DAL,42,79,9,7,11,11,80,948163
Greg Stiemsma,29,TOR,17,15,3,2,0,7,14,981084
Greivis Vasquez,28,TOR,82,216,302,46,10,119,775,6400000
Harrison Barnes,22,GSW,82,453,116,61,19,71,827,3049920
Hassan Whiteside,25,MIA,48,482,6,27,123,58,564,769881
Hedo Turkoglu,35,LAC,62,99,37,19,7,29,232,1448490
Henry Sims,24,PHI,73,359,79,39,30,99,586,915243
Henry Walker,27,MIA,24,82,29,24,9,24,175,196217
Hollis Thompson,23,PHI,71,198,85,57,26,66,626,816482
Ian Clark,23,TOT,30,16,12,9,3,9,57,816482
Ian Mahinmi,28,IND,61,356,33,30,46,59,265,4000000
Iman Shumpert,24,TOT,62,224,135,81,16,91,496,2616975
Isaiah Canaan,23,TOT,47,87,98,29,3,62,432,816482
Isaiah Thomas,25,TOT,67,153,284,57,5,143,1101,7238606
Ish Smith,26,TOT,55,100,180,36,6,78,338,981084
J.J. Barea,30,DAL,77,134,263,33,1,70,580,1302578
J.J. Hickson,26,DEN,73,452,57,36,35,96,552,5381750
J.J. Redick,30,LAC,78,167,137,39,8,95,1277,6792500
J.R. Smith,29,TOT,70,218,195,82,22,97,847,6516000
Jabari Brown,22,LAL,19,36,40,12,2,32,227,44765
Jabari Parker,19,MIL,25,138,42,31,5,47,308,4930560
Jack Cooley,23,UTA,16,25,1,6,3,3,27,65000
Jae Crowder,24,TOT,82,293,94,72,25,49,628,915243
JaKarr Sampson,21,PHI,74,163,77,38,26,76,386,507336
Jamaal Franklin,23,DEN,3,2,3,0,1,3,3,163296
Jamal Crawford,34,LAC,64,124,158,59,14,92,1010,5450000
Jameer Nelson,32,TOT,63,146,253,47,6,109,523,2732000
James Ennis,24,MIA,62,176,48,25,17,39,312,507336
James Harden,25,HOU,81,459,565,154,60,321,2217,14728844
James Johnson,27,TOR,70,257,95,54,70,79,554,2500000
James Jones,34,CLE,57,62,24,13,8,13,250,1448490
James McAdoo,22,GSW,15,37,2,5,9,6,62,167122
James Young,19,BOS,31,42,13,8,2,5,105,1674480
JaMychal Green,24,TOT,24,45,4,5,5,14,62,134295
Jannero Pargo,35,CHO,9,3,8,0,0,3,41,1448490
Jared Cunningham,23,LAC,19,9,10,3,0,7,35,398400
Jared Dudley,29,MIL,72,220,130,72,11,62,518,4250000
Jared Sullinger,22,BOS,58,441,134,44,42,78,770,1424520
Jarnell Stokes,21,MEM,19,34,4,5,5,7,57,725000
Jarrett Jack,31,BRK,80,245,373,75,13,191,957,6300000
Jason Maxiell,31,CHO,61,203,19,18,44,29,203,1316809
Jason Richardson,34,PHI,19,66,38,13,3,16,172,6601125
Jason Smith,28,NYK,82,324,140,32,44,104,656,3278000
Jason Terry,37,HOU,77,121,147,66,19,74,541,5850313
Jason Thompson,28,SAC,81,530,85,33,57,84,491,6037500
JaVale McGee,27,TOT,23,61,3,2,20,18,106,11250000
Jeff Adrien,28,MIN,17,77,15,4,9,9,60,981084
Jeff Ayres,27,SAS,51,117,14,8,8,26,137,1828750
Jeff Green,28,TOT,78,328,134,53,34,108,1168,9445000
Jeff Teague,26,ATL,73,184,513,125,31,205,1162,8000000
Jeff Withey,24,NOP,37,64,11,4,18,12,98,816482
Jeffery Taylor,25,CHO,29,53,22,12,1,19,127,915243
Jerami Grant,20,PHI,65,198,79,40,68,85,411,884879
Jerel McNeal,27,PHO,6,3,2,3,1,5,9,53838
Jeremy Evans,27,UTA,38,71,13,11,12,5,90,1794871
Jeremy Lamb,22,OKC,47,107,44,21,6,27,295,2202000
Jeremy Lin,26,LAL,74,196,339,82,32,166,832,14898938
Jerome Jordan,28,BRK,44,105,13,8,15,22,138,915243
Jerrelle Benimon,23,UTA,2,3,0,0,0,1,0,35000
Jerryd Bayless,26,MIL,77,211,233,59,12,133,598,3000000
Jimmer Fredette,25,NOP,50,40,58,15,2,33,178,948163
Jimmy Butler,25,CHI,65,379,212,114,36,93,1301,2008748
Joakim Noah,29,CHI,67,646,312,48,74,123,485,12700000
Jodie Meeks,27,DET,60,104,79,59,6,57,663,6000000
Joe Harris,23,CLE,51,41,26,7,2,27,136,884879
Joe Ingles,27,UTA,79,175,182,72,10,98,396,507336
Joe Johnson,33,BRK,80,384,292,59,14,137,1154,23180790
Joel Anthony,32,DET,49,93,5,12,49,12,87,3800000
Joel Freeland,27,POR,48,191,16,9,23,23,169,3013512
Joey Dorsey,31,HOU,69,279,25,40,25,41,184,948163
Joffrey Lauvergne,23,DEN,24,77,13,8,10,22,93,1790281
John Henson,24,MIL,67,312,59,28,135,87,470,1987320
John Jenkins,23,ATL,24,39,13,10,0,8,135,1312920
John Lucas III,32,DET,21,16,60,8,0,16,98,336966
John Salmons,35,NOP,21,21,13,9,4,5,42,1000000
John Wall,24,WAS,79,366,792,138,45,304,1387,14746000
Johnny O'Bryant,21,MIL,34,64,17,5,4,25,100,600000
Jon Leuer,25,MEM,63,207,46,17,9,35,286,967500
Jonas Jerebko,27,TOT,75,282,71,46,18,44,448,4500000
Jonas Valanciunas,22,TOR,80,693,39,33,95,109,963,3678360
Jordan Adams,20,MEM,30,28,16,16,7,14,94,1344120
Jordan Clarkson,22,LAL,59,191,206,51,12,96,703,507336
Jordan Farmar,28,LAC,36,42,67,20,5,32,167,2077000
Jordan Hamilton,24,LAC,14,16,7,2,0,4,38,150591
Jordan Hill,27,LAL,70,556,103,34,52,106,841,9000000
Jorge Gutierrez,26,TOT,20,25,22,6,0,12,53,48028
Jose Calderon,33,NYK,42,124,198,31,0,75,382,7097191
Josh McRoberts,27,MIA,17,45,33,12,3,22,72,5305000
Josh Smith,29,TOT,83,530,277,87,116,206,1027,14000000
Jrue Holiday,24,NOP,40,135,274,63,23,91,592,9904495
Julius Randle,20,LAL,1,0,0,0,0,1,2,2997360
Justin Hamilton,24,TOT,41,134,36,27,30,26,219,816482
Justin Holiday,25,GSW,59,73,48,40,12,29,254,816482
Jusuf Nurkic,20,DEN,62,382,50,52,68,86,426,1762680
K.J. McDaniels,21,TOT,62,200,72,44,70,105,487,507336
Kalin Lucas,25,MEM,1,0,0,1,0,0,0,507336
Kawhi Leonard,23,SAS,64,461,161,148,48,97,1057,2894059
Kelly Olynyk,23,BOS,64,303,109,64,39,98,656,2075760
Kemba Walker,24,CHO,62,220,318,89,31,100,1075,3272091
Kendall Marshall,23,MIL,28,28,86,21,0,35,118,915243
Kendrick Perkins,30,TOT,68,320,51,16,42,95,246,9154342
Kenneth Faried,25,DEN,75,668,89,62,57,118,946,2249768
Kent Bazemore,25,ATL,75,222,78,52,33,73,390,2000000
Kentavious Caldwell-Pope,21,DET,82,255,109,93,18,94,1043,2772480
Kenyon Martin,37,MIL,11,19,5,5,6,3,20,414551
Kevin Durant,26,OKC,27,178,110,24,25,74,686,18995624
Kevin Garnett,38,TOT,47,311,77,46,17,46,323,12000000
Kevin Love,26,CLE,75,731,168,51,39,122,1228,15719063
Kevin Martin,31,MIN,39,142,89,33,1,76,779,6792500
Kevin Seraphin,25,WAS,79,288,59,10,59,98,520,3898692
Khris Middleton,23,MIL,79,347,182,122,11,113,1055,915243
Kirk Hinrich,34,CHI,66,121,148,46,14,73,377,2732000
Klay Thompson,24,GSW,77,247,222,87,60,149,1668,3075880
Kobe Bryant,36,LAL,35,199,197,47,7,128,782,23500000
Kosta Koufos,25,MEM,81,426,37,29,63,69,419,3000000
Kostas Papanikolaou,24,HOU,43,118,85,29,13,55,182,4900963
Kris Humphries,29,WAS,64,416,57,34,25,46,509,4300000
Kyle Anderson,21,SAS,33,72,28,15,7,10,74,1093680
Kyle Korver,33,ATL,75,304,196,52,42,107,911,6253521
Kyle Lowry,28,TOR,70,328,473,109,13,173,1244,12000000
Kyle O'Quinn,24,ORL,51,199,59,31,39,55,294,915243
Kyle Singler,26,TOT,80,194,85,47,21,55,480,1090000
Kyrie Irving,22,CLE,75,237,389,114,20,186,1628,7070730
LaMarcus Aldridge,29,POR,71,726,124,48,68,122,1661,16256000
Lance Stephenson,24,CHO,61,277,240,38,8,128,501,9000000
Lance Thomas,26,TOT,62,195,69,37,8,74,443,948163
Landry Fields,26,TOR,26,26,15,11,0,8,46,6250000
Langston Galloway,23,NYK,45,190,150,52,12,61,533,235762
Larry Drew,24,PHI,12,15,45,6,0,25,46,507336
Larry Sanders,26,MIL,27,166,23,26,39,28,196,11000000
Lavoy Allen,25,IND,63,323,73,15,42,40,315,948163
Leandro Barbosa,32,GSW,66,91,99,41,8,44,467,1448490
LeBron James,30,CLE,69,416,511,109,49,272,1743,20644400
Lester Hudson,30,LAC,5,8,5,6,1,3,18,57726
Lorenzo Brown,24,MIN,29,70,90,28,6,30,122,268959
Lou Amundson,32,TOT,53,268,70,22,52,62,259,1310286
Lou Williams,28,TOR,80,151,164,88,10,101,1242,5450000
Luc Mbah a Moute,28,PHI,67,328,106,81,21,99,660,4382576
Lucas Nogueira,22,TOR,6,11,1,2,0,2,6,1762680
Luigi Datome,27,TOT,21,29,9,2,7,9,105,1750000
Luis Scola,34,IND,81,526,105,47,18,94,763,6541000
Luke Babbitt,25,NOP,63,111,24,17,11,26,256,981084
Luke Ridnour,33,ORL,47,68,96,20,4,38,188,2750000
Luol Deng,29,MIA,72,376,139,65,22,108,1007,9714461
Malcolm Lee,24,PHI,1,0,0,0,0,0,0,915243
Malcolm Thomas,26,PHI,17,56,7,3,1,13,45,635827
Manu Ginobili,37,SAS,70,211,293,67,20,154,738,7000000
Marc Gasol,30,MEM,81,630,307,70,131,176,1413,15829688
Marcin Gortat,30,WAS,82,717,97,49,110,100,1001,10434782
Marco Belinelli,28,SAS,62,157,94,31,3,61,568,2873750
Marcus Morris,25,PHO,81,385,133,63,16,73,845,2943221
Marcus Smart,20,BOS,67,222,208,99,18,90,523,3283320
Marcus Thornton,27,TOT,48,86,36,27,7,27,380,8575000
Mario Chalmers,28,MIA,80,206,307,122,10,173,813,4000000
Markel Brown,23,BRK,47,107,39,31,12,27,216,507336
Markieff Morris,25,PHO,82,506,192,101,39,170,1258,2989239
Marreese Speights,27,GSW,76,325,72,20,34,82,791,3657500
Martell Webster,28,WAS,32,46,17,7,1,22,106,5381750
Marvin Williams,28,CHO,78,386,100,69,36,60,577,7000000
Mason Plumlee,24,BRK,82,512,74,65,63,106,717,1357080
Matt Barnes,34,LAC,76,302,114,67,50,87,764,3396250
Matt Bonner,34,SAS,72,115,47,10,12,11,264,1448490
Matthew Dellavedova,24,CLE,67,126,204,24,2,61,319,816482
Maurice Harkless,21,ORL,45,106,25,32,9,27,158,1887840
Meyers Leonard,22,POR,55,250,32,10,14,39,327,2317920
Michael Beasley,26,MIA,24,89,32,15,13,37,212,777778
Michael Carter-Williams,23,TOT,66,353,442,111,30,253,966,2300040
Michael Kidd-Gilchrist,21,CHO,55,416,77,30,38,63,598,5016960
Mike Conley,27,MEM,70,209,375,89,14,156,1107,8694216
Mike Dunleavy,34,CHI,63,248,114,39,21,60,595,3326235
Mike Miller,34,CLE,52,91,46,14,4,23,109,2732000
Mike Muscala,23,ATL,40,119,25,16,19,21,197,816482
Mike Scott,26,ATL,68,199,75,25,3,39,529,3333333
Miles Plumlee,26,TOT,73,320,34,41,66,51,294,1169880
Miroslav Raduljica,27,MIN,5,5,0,1,0,2,8,300000
Mirza Teletovic,29,BRK,40,194,46,14,16,53,339,3368100
Mitch McGary,22,OKC,32,165,14,16,16,31,201,1400040
Mo Williams,32,TOT,68,174,424,46,14,172,964,3965074
Monta Ellis,29,DAL,80,190,329,148,25,198,1513,8360000
Nate Robinson,30,TOT,42,50,97,20,3,30,238,2106720
Nate Wolters,23,TOT,21,34,21,8,2,13,42,816482
Nazr Mohammed,37,CHI,23,38,3,4,5,7,27,1448490
Nene Hilario,32,WAS,67,345,123,66,22,124,737,13000000
Nerlens Noel,20,PHI,75,611,128,133,142,146,744,3315120
Nick Calathes,25,MEM,58,106,146,63,5,61,243,816482
Nick Collison,34,OKC,66,250,90,35,25,45,273,2242003
Nick Johnson,22,HOU,28,39,11,7,3,19,74,507336
Nick Young,29,LAL,42,96,41,23,11,44,563,4994420
Nicolas Batum,26,POR,71,416,341,78,40,132,664,11765500
Nik Stauskas,21,SAC,73,88,67,20,17,40,319,2745840
Nikola Mirotic,23,CHI,82,404,97,54,54,89,833,5305000
Nikola Pekovic,29,MIN,31,234,27,19,12,42,386,12100000
Nikola Vucevic,24,ORL,74,810,147,54,54,148,1428,2751260
Noah Vonleh,19,CHO,25,86,4,4,9,11,83,2524200
Norris Cole,26,TOT,75,159,255,57,15,99,573,2038206
O.J. Mayo,27,MIL,71,187,197,57,18,128,806,8000000
Ognjen Kuzmic,24,GSW,16,17,6,2,1,5,20,816482
Omer Asik,28,NOP,76,748,72,29,54,95,557,14898938
Omri Casspi,26,SAC,67,260,102,31,9,88,593,1063384
Otto Porter,21,WAS,74,221,65,44,30,52,445,4470480
P.J. Hairston,22,CHO,45,92,21,21,13,22,254,1149720
P.J. Tucker,29,PHO,78,502,122,107,23,96,713,5700000
Pablo Prigioni,37,TOT,67,119,171,79,1,62,274,1662961
Patrick Beverley,26,HOU,56,237,192,59,23,83,568,915243
Patrick Christopher,26,UTA,4,6,0,1,0,1,6,379010
Patrick Mills,26,SAS,51,75,87,28,2,35,351,3842105
Patrick Patterson,25,TOR,81,433,155,60,44,54,648,5831326
Pau Gasol,34,CHI,78,919,210,25,147,158,1446,7128000
Paul George,24,IND,6,22,6,5,1,12,53,15925680
Paul Millsap,29,ATL,73,570,223,130,69,166,1218,9500000
Paul Pierce,37,WAS,73,294,144,46,24,92,868,5305000
Pero Antic,32,ATL,63,189,49,18,14,49,356,1250000
Perry Jones,23,OKC,43,76,18,17,8,24,184,1129200
Phil Pressey,23,BOS,50,80,117,30,6,41,177,816482
Quincy Acy,24,NYK,68,301,68,27,22,60,398,915243
Quincy Miller,22,TOT,10,20,8,7,5,5,29,183049
Quincy Pondexter,26,TOT,75,195,94,19,24,51,538,3146068
Rajon Rondo,28,TOT,68,373,538,91,7,210,608,12909091
Ramon Sessions,28,TOT,64,144,182,29,0,86,402,2077000
Randy Foye,31,DEN,50,85,119,34,11,60,435,3135000
Rasual Butler,35,WAS,75,197,63,29,22,48,580,1448490
Ray McCallum,23,SAC,68,180,188,45,11,85,503,816482
Raymond Felton,30,DAL,29,26,41,11,4,18,108,3793693
Reggie Bullock,23,TOT,36,50,8,10,4,8,69,1200720
Reggie Evans,34,SAC,47,299,32,22,5,45,176,1768653
Reggie Jackson,24,TOT,77,327,462,62,9,186,1117,2204370
Reggie Williams,28,SAS,20,17,10,1,0,2,37,344036
Richard Jefferson,34,DAL,74,183,61,32,11,52,432,1448490
Ricky Ledo,22,TOT,17,36,19,6,1,26,90,816482
Ricky Rubio,24,MIN,22,125,193,38,1,64,226,5070686
Robbie Hummel,25,MIN,45,134,27,16,9,18,198,880000
Robert Covington,24,PHI,70,316,105,97,31,128,943,1000000
Robert Sacre,25,LAL,67,233,55,28,43,36,307,915243
Robin Lopez,26,POR,59,394,55,16,84,73,566,6124729
Rodney Hood,22,UTA,50,117,83,30,12,45,433,1290360
Rodney Stuckey,28,IND,71,248,219,56,10,118,896,1227985
Ronnie Price,31,LAL,43,69,165,67,4,52,221,1316809
Ronny Turiaf,32,MIN,2,1,2,0,0,0,0,1500000
Roy Hibbert,28,IND,76,540,84,18,125,107,802,14898938
Rudy Gay,28,SAC,68,399,250,71,41,183,1432,19317326
Rudy Gobert,22,UTA,82,775,109,64,189,111,686,1127400
Russ Smith,23,TOT,12,6,8,3,0,12,30,507336
Russell Westbrook,26,OKC,67,488,574,140,14,293,1886,15719062
Ryan Anderson,26,NOP,61,295,55,33,20,62,833,8491500
Ryan Hollins,30,SAC,46,103,14,6,19,25,137,1316809
Ryan Kelly,23,LAL,52,146,92,30,24,37,332,1650000
Samuel Dalembert,33,NYK,32,168,29,14,41,39,128,3867282
Sean Kilpatrick,25,MIN,4,6,4,3,0,2,22,35000
Sebastian Telfair,29,OKC,16,30,45,10,0,18,134,1316809
Serge Ibaka,25,OKC,64,499,55,30,155,97,917,12350000
Sergey Karasev,21,BRK,33,66,46,23,1,24,153,1533840
Seth Curry,24,PHO,2,2,1,0,0,0,0,100000
Shabazz Muhammad,22,MIN,38,154,44,18,7,35,512,1971960
Shabazz Napier,23,MIA,51,113,130,40,4,81,261,1238640
Shane Larkin,22,NYK,76,176,226,93,9,83,470,1606080
Shannon Brown,29,MIA,5,1,3,4,0,4,20,1310286
Shaun Livingston,29,GSW,78,183,259,49,20,102,461,5305000
Shavlik Randolph,31,TOT,21,38,4,5,3,3,24,1227985
Shawn Marion,36,CLE,57,202,51,27,27,33,276,1448490
Shawne Williams,28,TOT,63,166,44,25,21,30,341,1227985
Shayne Whittington,23,IND,20,29,6,5,2,5,57,507336
Shelvin Mack,24,ATL,55,79,155,30,2,49,299,2433333
Sim Bhullar,22,SAC,3,1,1,0,1,0,2,29843
Solomon Hill,23,IND,82,314,184,66,18,115,729,1302840
Spencer Dinwiddie,21,DET,34,48,104,19,6,33,145,700000
Spencer Hawes,26,LAC,73,258,88,24,53,61,425,5871309
Stephen Curry,26,GSW,80,341,619,163,16,249,1900,10629213
Steve Blake,34,POR,81,137,288,41,5,104,350,2077000
Steve Novak,31,TOT,35,22,11,0,2,5,63,3445947
Steven Adams,21,OKC,70,523,66,38,86,99,537,2184960
T.J. Warren,21,PHO,40,85,25,18,9,27,245,1953120
Taj Gibson,29,CHI,62,396,71,36,75,77,640,8000000
Tarik Black,23,TOT,63,368,42,19,24,48,379,507336
Tayshaun Prince,34,TOT,58,210,93,29,16,35,434,7707865
Terrence Jones,23,HOU,33,220,36,18,59,37,386,1618680
Terrence Ross,23,TOR,82,226,86,53,25,69,807,2793960
Thabo Sefolosha,30,ATL,52,223,75,53,21,38,278,4150000
Thaddeus Young,26,TOT,76,411,173,124,25,117,1071,9660869
Thomas Robinson,23,TOT,54,303,33,32,20,59,308,3678360
Tiago Splitter,30,SAS,52,252,78,35,37,60,428,9250000
Tim Duncan,38,SAS,77,704,230,63,151,131,1070,10361446
Tim Frazier,24,TOT,11,28,60,8,0,25,57,50734
Tim Hardaway,22,NYK,70,156,127,20,14,82,804,1250640
Timofey Mozgov,28,TOT,81,591,55,33,97,116,785,4650000
Tobias Harris,22,ORL,68,430,124,69,36,115,1164,2380594
Toney Douglas,28,NOP,12,22,24,11,4,10,51,143870
Tony Allen,33,MEM,63,280,86,129,30,86,539,4831461
Tony Parker,32,SAS,68,129,335,44,2,146,976,12500000
Tony Snell,23,CHI,72,176,62,32,11,48,435,1472400
Tony Wroten,21,PHI,30,86,157,48,8,113,507,1210080
Toure' Murry,25,TOT,5,1,1,1,0,4,6,1000000
Travis Wear,24,NYK,51,106,40,15,11,35,199,507336
Trevor Ariza,29,HOU,82,459,209,152,17,141,1048,8579089
Trevor Booker,27,UTA,79,397,83,43,41,88,567,5000000
Trey Burke,22,UTA,76,204,328,65,15,124,973,2548560
Tristan Thompson,23,CLE,82,657,39,34,61,83,693,5138430
Troy Daniels,23,TOT,47,33,22,6,1,20,176,816482
Ty Lawson,27,DEN,75,234,720,92,9,185,1143,11595506
Tyler Ennis,20,TOT,33,35,73,18,5,42,121,1590720
Tyler Hansbrough,29,TOR,74,265,21,30,15,20,270,3326235
Tyler Johnson,22,MIA,32,81,42,33,9,30,190,199950
Tyler Zeller,25,BOS,82,465,113,18,52,76,833,1703760
Tyreke Evans,25,NOP,79,416,521,100,37,246,1313,11265416
Tyrus Thomas,28,MEM,2,0,1,0,0,0,4,9388000
Tyson Chandler,32,DAL,75,864,84,42,91,105,771,14846887
Udonis Haslem,34,MIA,62,258,46,21,13,41,261,2732000
Vander Blue,22,LAL,2,9,8,3,0,6,22,14409
Victor Claver,26,POR,10,20,1,1,1,4,24,1370000
Victor Oladipo,22,ORL,72,302,295,120,19,204,1292,4978200
Vince Carter,38,MEM,66,133,79,43,14,43,384,3911981
Wayne Ellington,27,LAL,65,210,105,33,2,50,650,1063384
Wesley Johnson,27,LAL,76,319,124,59,45,87,753,981084
Wesley Matthews,28,POR,60,222,139,77,10,81,956,7245640
Will Barton,24,TOT,58,162,81,48,19,61,397,915243
Will Bynum,32,WAS,7,6,18,1,1,8,22,2915908
Will Cherry,23,CLE,8,5,8,6,1,4,15,507336
Willie Green,33,ORL,52,79,68,26,5,48,306,1448490
Wilson Chandler,27,DEN,78,475,134,58,29,110,1085,6757913
Xavier Henry,23,LAL,9,4,3,3,0,3,20,1082000
Zach LaVine,19,MIN,77,214,276,54,10,193,778,2055840
Zach Randolph,33,MEM,71,747,153,69,14,156,1143,16500000
Zaza Pachulia,30,MIL,73,500,178,80,21,133,606,5200000
Zoran Dragic,25,TOT,16,8,5,2,0,5,28,1962103